PERMNO,TICKER,CUSIP,COMNAM
10002,BTFG,05978R10,BANCTRUST FINANCIAL GROUP INC
10205,LSBX,50215P10,L S B CORP
10232,ESBK,28966010,ELMIRA SAVINGS BANK FSB NY
10232,ESBK,28966010,ELMIRA SAVINGS BANK NY
10252,INDB,45383610,INDEPENDENT BANK CORP MA
10297,NHTB,51086610,NEW HAMPSHIRE THRIFT BNCSHRS INC
10297,LSBG,51086610,LAKE SUNAPEE BANK GROUP
10304,AMFI,02391210,AMCORE FINANCIAL INC
10563,HRZB,44041F10,HORIZON FINANCIAL CORP WASH
10638,HNBC,41285010,HARLEYSVILLE NATIONAL CORP PA
10769,CEBK,15241810,CENTRAL BANCORP INC
10777,FCNCA,31946M10,FIRST CITIZENS BANCSHARES INC NC
10781,BKSC,06506610,BANK SOUTH CAROLINA CORP
10825,TSFG,83784110,SOUTH FINL GROUP INC
10892,WSFS,92932810,WSFS FINANCIAL CORP
10913,FFKT,30956210,FARMERS CAPITAL BANK CORP
11006,FLIC,32073410,FIRST LONG ISLAND CORP
11056,STSA,85931930,STERLING FINANCIAL CORP WASH
11131,ASBI,02361310,AMERIANA BANCORP
11246,CFNB,13022210,CALIFORNIA FIRST NATIONAL BANCOR
11285,FBNC,31891010,FIRST BANCORP NC
11293,WSBC,95081010,WESBANCO INC
11348,CNBKA,15643210,CENTURY BANCORP INC
11369,UBSI,90990710,UNITED BANKSHARES INC
11397,WASH,94061010,WASHINGTON TRUST BANCORP INC
11442,CHCO,17783510,CITY HOLDING CO
11506,FSBI,31583110,FIDELITY BANCORP INC
11513,FFKY,32022D10,FIRST FINANCIAL SERVICE CORP
11565,HBNC,44040710,HORIZON BANCORP IND
11565,HBNC,44040710,HORIZON BANCORP INC
11750,RBPAA,78008110,ROYAL BANCSHARES PA INC
11786,SIVB,78486Q10,S V B FINANCIAL GROUP
11839,MFLR,57832110,MAYFLOWER BANCORP INC
11844,CTBI,20414910,COMMUNITY TRUST BANCORP INC
11847,FFHS,32027210,FIRST FRANKLIN CORP
11866,INCB,45467410,INDIANA COMMUNITY BANCORP
11992,CHFC,87230710,CHEMICAL FINANCIAL CORP
11992,TCF,87230710,T C F FINANCIAL CORP NEW
12073,PBCT,71270410,PEOPLES UNITED FINANCIAL INC
12106,WSB,92934C10,W S B HOLDINGS INC
12166,FRBK,76041610,REPUBLIC FIRST BANCORP INC
12189,HIFS,43332310,HINGHAM INSTITUTION FOR SVGS MA
12281,WAIN,93070510,WAINWRIGHT BANK & TRUST CO BOSTN
15070,AROW,04274410,ARROW FINANCIAL CORP
15318,ASBC,04548710,ASSOCIATED BANC CORP
15318,ASB,04548710,ASSOCIATED BANC CORP
16505,BPOP,73317470,POPULAR INC
16644,GRAN,06240110,BANK GRANITE CORP
20395,CVBF,12660010,C V B FINANCIAL CORP
25129,CBSH,20052510,COMMERCE BANCSHARES INC
34746,FITB,31677310,FIFTH THIRD BANCORP
35167,FMER,33791510,FIRSTMERIT CORP
35263,TRMK,89840210,TRUSTMARK CORP
35503,FFCH,32023910,FIRST FINANCIAL HOLDINGS INC
35685,FFBC,32020910,FIRST FINANCIAL BANCORP OHIO
35917,FMBI,32086710,FIRST MIDWEST BANCORP INC
36346,SRCE,33690110,1ST SOURCE CORP
39766,FRGB,33615C10,FIRST REGIONAL BANCORP
42906,HBAN,44615010,HUNTINGTON BANCSHARES INC
56611,NPBC,63713810,NATIONAL PENN BANCSHARES INC
58246,NTRS,66585910,NORTHERN TRUST CORP
69586,SBCF,81170780,SEACOAST BANKING CORP FLA
73809,SUSQ,86909910,SUSQUEHANNA BANCSHARES INC PA
75509,SUBK,86473910,SUFFOLK BANCORP
75509,SCNB,86473910,SUFFOLK BANCORP
75550,PVSA,70149210,PARKVALE FINANCIAL CORP
75556,NBN,66405S10,NORTHEAST BANCORP
75556,NBN,66405S10,NORTHEAST BANK
75605,FRME,32081710,FIRST MERCHANTS CORP
75773,CFFC,20365L10,COMMUNITY FINANCIAL CORP
75856,PBCI,69773810,PAMRAPO BANCORP INC
75906,GSBC,39090510,GREAT SOUTHERN BANCORP INC
76060,STBC,85571610,STATE BANCORP INC NY
76202,ESBF,26884F10,E S B FINANCIAL CORP
76331,WCBO,95214520,WEST COAST BANCORP ORE NEW
76435,SAVB,80474810,SAVANNAH BANCORP INC
76504,CATY,14915010,CATHAY GENERAL BANCORP
76529,NRIM,66676210,NORTHRIM BANCORP INC
76684,HBHC,41012010,HANCOCK HOLDING CO
76684,HWC,41012010,HANCOCK WHITNEY CORP
76892,BOKF,05561Q20,B O K FINANCIAL CORP
76960,NSFC,66575110,NORTHERN STATES FNCL CORP NEW
77053,WTNY,96661210,WHITNEY HOLDING CORP
77181,IBNK,45814P10,INTEGRA BANK CORP
77256,MSFG,56062Y10,MAINSOURCE FINANCIAL GROUP INC
77379,THFF,32021810,FIRST FINANCIAL CORP IN
77415,NBTB,62877810,N B T BANCORP INC
77507,HFFC,40417210,H F FINANCIAL CORP
77519,TRST,89834920,TRUSTCO BANK CORP NY
77526,RNST,75970E10,RENASANT CORP
77528,STBA,78385910,S & T BANCORP INC
77585,PNBC,74228210,PRINCETON NATIONAL BANCORP INC
77679,COLB,19723610,COLUMBIA BANKING SYSTEM INC
77783,ABCW,03283910,ANCHOR BANCORP WISCONSIN INC
77889,FUNC,33741H10,FIRST UNITED CORP
77898,CASB,14727210,CASCADE FINANCIAL CORP
78009,SBIB,85890710,STERLING BANCSHARES INC
78195,PVFC,69365410,P V F CAPITAL CORP
78829,UMBF,90278810,U M B FINANCIAL CORP
78903,PEBO,70978910,PEOPLES BANCORP INC
79013,SYBT,86102510,S Y BANCORP INC
79013,SYBT,86102510,STOCK YARDS BANCORP INC
79019,UBCP,90991110,UNITED BANCORP INC OH
79072,BANF,05945F10,BANCFIRST CORP
79080,CVBK,15579210,CENTRAL VIRGINIA BANKSHARES INC
79116,TCBK,89609510,TRICO BANCSHARES
79166,GABC,37386510,GERMAN AMERICAN BANCORP INC
79313,WAYN,94624Q10,WAYNE SAVINGS BANCSHARES INC NEW
79382,FDEF,74052F10,FIRST DEFIANCE FINANCIAL CORP
79382,PFC,74052F10,PREMIER FINANCIAL CORP
79571,CASH,59100U10,META FINANCIAL GROUP INC
79571,CASH,59100U10,PATHWARD FINANCIAL INC
79584,VIST,91825510,V I S T FINACIAL CORP
79731,QCRH,74727A10,Q C R HOLDINGS INC
79734,RVSB,76939710,RIVERVIEW BANCORP INC
79747,UBSH,04911A10,UNION BANKSHARES CORP
79747,UBSH,04911A10,UNION FIRST BAMKSHARES CORP
79747,UBSH,04911A10,UNION BANKSHARES CORP NEW
79747,AUB,04911A10,ATLANTIC UNION BANKSHARES CORP
79824,FFIN,32020R10,FIRST FINANCIAL BANKSHARES INC
79828,FSNM,33645310,FIRST STATE BANCORPORATION
79851,OSBC,68027710,OLD SECOND BANCORP INC
79885,WVFC,92935810,WVS FINANCIAL CORP
79965,FBSI,31868710,FIRST BANCSHARES INC MO
80007,OKSB,84476710,SOUTHWEST BANCORP INC OKLA
80112,CACB,14715420,CASCADE BANCORP
80223,BPFH,10111910,BOSTON PRIVATE FINL HLDGS INC
80336,LARK,51504L10,LANDMARK BANCORP INC
80478,SMBC,84338010,SOUTHERN MISSOURI BANCORP INC
80498,ABCB,03076K10,AMERIS BANCORP
80517,CRRB,07203T10,CARROLLTON BANCORP
80517,BYBK,07203T10,BAY BANCORP INC
80569,PULB,74554810,PULASKI FINANCIAL CORP
80625,FNBN,20416Q10,F N B UNITED CORP
80625,COB,20416Q10,COMMUNITYONE BANCORP
80633,HMNF,40424G10,H M N FINANCIAL INC
80768,THRD,87239110,T F FINANCIAL CORP
80808,METR,59161R10,METRO BANCORP INC
80816,FFFD,65841810,NORTH CENTRAL BANCSHARES INC
80837,PNBK,70336F20,PATRIOT NATIONAL BANCORP INC
80960,CARV,14687560,CARVER BANCORP INC
80990,LION,31639410,FIDELITY SOUTHERN CORP NEW
81095,NWBI,66734010,NORTHWEST BANCSHARES INC
81148,CAFI,13261810,CAMCO FINANCIAL CORP
81206,FKFS,32065510,FIRST KEYSTONE FINANCIAL INC
81259,LSBI,50192510,L S B FINANCIAL CORP
81541,MBFI,55264U10,M B FINANCIAL INC NEW
81546,CBIN,98779U10,COMMUNITY BANK SHRS INDIANA INC
81546,YCB,98779U10,YOUR COMMUNITY BANKSHARES INC
81560,GFED,40108P10,GUARANTY FEDERAL BANCSHARES INC
81564,IBKC,45082810,IBERIABANK CORP
81565,JXSB,46924R10,JACKSONVILLE BANCORP INC MD
81577,WFSL,93882410,WASHINGTON FEDERAL INC
81577,WAFD,93882410,WASHINGTON FEDERAL INC
81577,WAFD,93882410,WAFD INC
81647,AWBC,03058P10,AMERICANWEST BANCORPORATION
82107,WABC,95709010,WESTAMERICA BANCORPORATION
82251,AUBN,05047310,AUBURN NATIONAL BANCORP
82573,FFIC,34387310,FLUSHING FINANCIAL CORP
82575,BANR,06652V20,BANNER CORP
82812,BYFC,11144470,BROADWAY FINANCIAL CORP DEL
83155,OVBC,67771910,OHIO VALLEY BANC CORP
83373,FFDF,30243C10,F F D FINANCIAL CORP
83414,SASR,80036310,SANDY SPRING BANCORP INC
83504,FFBH,07384410,FIRST FEDERAL BANCSHARES ARK INC
83504,BSF,07384410,BEAR STATE FINANCIAL INC
83547,PFBI,74050M10,PREMIER FINANCIAL BANCORP INC
83551,PCBC,69404P20,PACIFIC CAPITAL BANCORP NEW
83631,CCBP,20046810,COMM BANCORP INC
83641,CNAF,20221710,COMMERCIAL NATIONAL FINL CORP
83642,CNBC,20786W10,CENTER BANCORP INC
83642,CNOB,20786W10,CONNECTONE BANCORP INC NEW
83683,PROV,74386810,PROVIDENT FINANCIAL HOLDINGS INC
83723,PABK,69313P10,P A B BANKSHARES INC
83774,OCFC,67523410,OCEANFIRST FINANCIAL CORP
83815,DCOM,25392210,DIME COMMUNITY BANCSHARES INC
83893,PFED,70016410,PARK BANCORP INC
83903,SNBC,86663B20,SUN BANCORP INC NJ
83934,FMFC,32074410,FIRST M & F CORP
84058,BKBK,11109110,BRITTON & KOONTZ CAPITAL CORP
84108,UWBK,91320110,UNITED WESTERN BANCORP INC
84129,ZION,98970110,ZIONS BANCORPORATION
84129,ZION,98970110,ZIONS BANCORPORATION N A
84140,TRUE,15643B20,CENTRUE FINANCIAL CORP NEW
84140,,15643B20,CENTRUE FINANCIAL CORP NEW
84140,CFCB,15643B20,CENTRUE FINANCIAL CORP NEW
84215,CWBC,20415710,COMMUNITY WEST BANCSHARES
84309,FMAR,32079510,FIRST MARINER BANCORP
84331,RIVR,76847510,RIVER VALLEY BANCORP
84397,UNTY,91329010,UNITY BANCORP INC
84516,CCBG,13967410,CAPITAL CITY BANK GROUP
84578,CPBK,20363C10,COMMUNITY CAPITAL CORP
84636,WTFC,97650W10,WINTRUST FINANCIAL CORP
84725,CVLY,19202510,CODORUS VALLEY BANCORP INC
84738,GSLA,36227410,G S FINANCIAL CORP
84749,FSBK,33646W10,FIRST SOUTH BANCORP INC
84825,PBHC,70319R10,PATHFINDER BANCORP INC
84825,PBHC,70319R10,PATHFINDER BANCORP INC MD
85020,PPBI,69478X10,PACIFIC PREMIER BANCORP INC
85047,TIBB,87244920,T I B FINANCIAL CORP
85198,OZRK,06417N10,BANK OF THE OZARKS INC
85198,OZK,06417N10,BANK O Z K
85299,LKFN,51165610,LAKELAND FINANCIAL CORP
85406,VCBI,92778Q10,VIRGINIA COMMERCE BANCORP
85418,CAC,13303410,CAMDEN NATIONAL CORP
85453,ANNB,03584810,ANNAPOLIS BANCORP INC
85559,IBCA,46092710,INTERVEST BANCSHARES CORP
85656,MPB,59540G10,MID PENN BANCORP INC
85680,CBKN,13979310,CAPITAL BANK CORP NEW
85725,CFFI,12466Q10,C & F FINANCIAL CORP
85728,EVBS,27719610,EASTERN VIRGINIA BANKSHARES INC
85731,HFWA,42722X10,HERITAGE FINANCIAL CORP WA
85741,NARA,43940T10,NARA BANCORP INC
85741,BBCN,43940T10,BBCN BANCORP INC
85741,HOPE,43940T10,HOPE BANCORP INC
85751,TSBK,88709810,TIMBERLAND BANCORP INC
85798,SBBX,78413T10,SUSSEX BANCORP
85798,SBBX,78413T10,S B ONE BANCORP
85829,HFBC,43973410,HOPFED BANCORP INC
85832,MBHI,59825110,MIDWEST BANC HOLDINGS INC
85857,BARI,05969010,BANCORP RHODE ISLAND INC
85860,BRKL,11373M10,BROOKLINE BANCORP INC
85865,CWLZ,22376720,COWLITZ BANCORPORATION
85875,IBOC,45904410,INTERNATIONAL BANCSHARES CORP
85883,NWFL,66954910,NORWOOD FINANCIAL CORP
85966,CBAN,19623P10,COLONY BANKCORP INC
85976,DEAR,24242R10,DEARBORN BANCORP INC
85978,FTBK,35907K20,FRONTIER FINANCIAL CORP WA
85980,CSBC,17668210,CITIZENS SOUTH BANKING CORP DEL
85994,FNFG,33582V10,FIRST NIAGARA FINL GROUP INC NEW
85996,NOVB,66304M20,NORTH VALLEY BANCORP
86004,UMPQ,90421410,UMPQUA HOLDINGS CORP
86075,JFBC,47559A10,JEFFERSONVILLE BANCORP
86091,SBSI,84470P10,SOUTHSIDE BANCSHARES INC
86124,BMTC,11766510,BRYN MAWR BANK CORP
86157,COBZ,19089710,COBIZ FINANCIAL INC
86199,WBCO,93730310,WASHINGTON BANKING CO
86240,BCSB,05536710,B C S B BANCORP INC
86250,CFNL,14149F10,CARDINAL FINANCIAL CORP
86253,CITZ,12525D10,C F S BANCORP INC
86287,RBCAA,76028120,REPUBLIC BANCORP INC KY
86299,UCFC,90983910,UNITED COMMUNITY FINL CORP OHIO
86300,PCBS,74386S10,PROVIDENT COMMUNITY BANCSHRS INC
86302,HTBK,42692710,HERITAGE COMMERCE CORP
86382,BUSE,31938320,FIRST BUSEY CORP
86384,CCNE,12612810,C N B FINANCIAL CORP PA
86419,CBBO,19723110,COLUMBIA BANCORP ORE
86432,PRSP,74360610,PROSPERITY BANCSHARES INC
86432,PB,74360610,PROSPERITY BANCSHARES INC
86440,WIBC,97186T10,WILSHIRE BANCORP INC
86497,ECBE,26825310,E C B BANCORP INC
86512,SUPR,86806M20,SUPERIOR BANCORP
86526,CFBK,12520L10,CENTRAL FEDERAL CORP
86526,CFBK,12520L10,C F BANKSHARES INC
86531,MCBI,59165010,METROCORP BANCSHARES INC
86533,ONFC,68247910,ONEIDA FINANCIAL CORP
86533,ONFC,68247910,ONEIDA FINANCIAL CORP MD
86566,ALNC,01920510,ALLIANCE FINANCIAL CORP NY
86570,CSNT,22564610,CRESCENT BANKING CO
86573,FCAP,31942S10,FIRST CAPITAL INC
86574,FPFC,33610T10,FIRST PLACE FINANCIAL CORP NM
86582,PBNY,85917A10,PROVIDENT NEW YORK BANCORP
86582,STL,85917A10,STERLING BANCORP DEL
86685,CRBC,17442030,CITIZENS REPUBLIC BANCORP INC
86719,EWBC,27579R10,EAST WEST BANCORP INC
86793,YAVY,98430510,YADKIN VALLEY FINANCIAL CORP
86793,YDKN,98430510,YADKIN FINANCIAL CORP
86814,AMNB,02774510,AMERICAN NATIONAL BANKSHARES INC
86820,CFFN,14057J10,CAPITOL FEDERAL FINANCIAL
86820,CFFN,14057J10,CAPITOL FEDERAL FINANCIAL INC
86965,FISI,31758540,FINANCIAL INSTITUTIONS INC
87014,BSRR,82620P10,SIERRA BANCORP
87020,PVTB,74296210,PRIVATEBANCORP INC
87024,CTBK,17770A10,CITY BANK LYNNWOOD WASHINGTON
87039,BERK,08459720,BERKSHIRE BANCORP INC DEL
87067,FNLC,31866P10,FIRST BANCORP INC ME
87069,GCBC,39435710,GREENE COUNTY BANCORP INC
87070,HCBK,44368310,HUDSON CITY BANCORP INC
87114,MBWM,58737610,MERCANTILE BANK CORP
87269,CIZN,17471510,CITIZENS HOLDING CO
87318,EGBN,26894810,EAGLE BANCORP INC
87340,ROME,77587P10,ROME BANCORP INC
87476,BMRC,06342510,BANK OF MARIN BANCORP
87488,FBSS,31205910,FAUQUIER BANKSHARES INC
87501,MCBC,55422510,MACATAWA BANK CORP
87505,NKSH,63486510,NATIONAL BANKSHARES INC
87525,MFSF,62845B10,MUTUALFIRST FINL INC
87614,LBAI,51163710,LAKELAND BANCORP INC
87652,LNBB,50210010,L N B BANCORP INC
87843,CADE,12738A10,CADENCE FINANCIAL CORP
87952,GBCI,37637Q10,GLACIER BANCORP INC NEW
88183,OPOF,68019410,OLD POINT FINL CORP
88197,FULT,36027110,FULTON FINANCIAL CORP PA
88257,PFBX,71103B10,PEOPLES FINANCIAL CORP MS
88280,BHLB,08468010,BERKSHIRE HILLS BANCORP INC
88341,HWBK,42047610,HAWTHORN BANCSHARES INC
88343,PACW,69526310,PACWEST BANCORP DE
88367,PCBK,69412V10,PACIFIC CONTINENTAL CORP
88368,PMBC,69455210,PACIFIC MERCANTILE BANCORP
88384,USBI,33744V10,UNITED SECURITY BANCSHARES INC
88384,FUSB,33744V10,FIRST U S BANCSHARES INC
88442,GGAL,39990910,GRUPO FINANCIERO GALICIA S A
88635,MBRG,59609410,MIDDLEBURG FINANCIAL CORP
88719,AMRB,02932610,AMERICAN RIVER BANKSHARES
88792,BKMU,06375010,BANK MUTUAL CORP NEW
88797,CWBS,20273610,COMMONWEALTH BANKSHARES INC
88820,PGC,70469910,PEAPACK GLADSTONE FINANCIAL CORP
88865,HAFC,41049520,HANMI FINANCIAL CORP
88908,CSFL,15201P10,CENTERSTATE BANKS INC
88908,CSFL,15201P10,CENTERSTATE BANK CORP
88912,IBCP,45383860,INDEPENDENT BANK CORP MICH
88943,CTZN,17461R10,CITIZENS FIRST BANCORP INC
88944,FCBC,31983A10,FIRST COMMUNITY BANCSHARES INC
88951,UBOH,90945810,UNITED BANCSHARES INC
88965,FCZA,17886710,FIRST CITIZENS BANC CORP
88965,CIVB,17886710,CIVISTA BANCSHARES INC
88970,SHBI,82510710,SHORE BANCSHARES INC
88979,MROE,61031310,MONROE BANCORP
88984,UBFO,91146010,UNITED SECURITY BANKSHARES
89022,GLBZ,37740710,GLEN BURNIE BANCORP
89038,EVBN,29911Q20,EVANS BANCORP INC
89100,FBMI,33761G10,FIRSTBANK CORP
89109,MFNC,55457110,MACKINAC FINANCIAL CORP
89143,TOFC,89176910,TOWER FINANCIAL CORP
89202,RBNF,78408D10,RURBAN FINANCIAL CORP
89202,SBFG,78408D10,S B FINANCIAL GROUP INC
89211,PWOD,70843010,PENNS WOODS BANCORP INC
89262,WFD,95889210,WESTFIELD FINANCIAL INC
89262,WNEB,95889210,WESTERN NEW ENGLAND BANCORP INC
89263,ABVA,01853510,ALLIANCE BANKSHARES CORP
89268,CCBD,20363J10,COMMUNITY CENTRAL BANK CORP
89270,FCCY,31986N10,1ST CONSTITUTION BANCORP
89278,SCMF,84263210,SOUTHERN COMMUNITY FINCL CORP
89279,UNB,90540010,UNION BANKSHARES INC
89292,STEL,85856G10,STELLARONE CORP
89323,UCBI,90984P30,UNITED COMMUNITY BANKS INC GA
89323,UCB,90984P30,UNITED COMMUNITY BANKS INC GA
89395,PNFP,72346Q10,PINNACLE FINANCIAL PARTNERS INC
89424,SVBI,81811M10,SEVERN BANCORP INC MD
89425,WTBA,95123P10,WEST BANCORPORATION INC
89440,NBBC,65080T10,NEWBRIDGE BANCORP
89481,CRFN,92209W10,CRESCENT FINANCIAL CORP
89481,CRFN,92209W10,CRESCENT FINANCIAL BANCSHARES IN
89481,VSB,92209W10,VANTAGESOUTH BANCSHARES INC
89482,FPTB,05990K10,FIRST PACTRUST BANCORP INC
89482,BANC,05990K10,FIRST PACTRUST BANCORP INC
89482,BANC,05990K10,BANC OF CALIFORNIA INC
89524,CLFC,15146E10,CENTER FINANCIAL CORP
89527,GRNB,39436120,GREEN BANKSHARES INC
89529,JAXB,46924920,JACKSONVILLE BANCORP INC FL
89530,TAYC,87685110,TAYLOR CAPITAL GROUP INC
89531,TONE,88650R10,TIERONE CORP
89573,PKBK,70088510,PARKE BANCORP INC
89576,VBFC,92705T20,VILLAGE BANK AND TRUST FINL CORP
89578,SOMH,83472810,SOMERSET HILLS BANCORP
89612,BOFL,06212810,BANK OF FLORIDA CORP NAPLES
89615,CLBH,14378510,CAROLINA BANK HOLDINGS INC
89620,OLCB,67739920,OHIO LEGACY CORP
89642,BBNK,10803010,BRIDGE CAPITAL HOLDINGS
89643,FCCO,31983510,FIRST COMMUNITY CORP SC
89701,WBNK,92974110,WACCAMAW BANKSHARES INC
89736,HTLF,42234Q10,HEARTLAND FINANCIAL USA INC
89738,MBTF,57887710,M B T FINANCIAL CORP
89740,CJBK,15377010,CENTRAL JERSEY BANCORP NJ
89741,OPHC,68401P40,OPTIMUMBANK HOLDINGS INC
89741,,68401P40,OPTIMUMBANK HOLDINGS INC
89758,NBTF,62874M10,N B & T FINANCIAL GROUP INC
89798,JFBI,47237510,JEFFERSON BANCSHARES INC TENN
89799,MNRK,60907Q10,MONARCH FINANCIAL HOLDINGS INC
89801,PRWT,74092120,PREMIERWEST BANCORP
89820,ATBC,04822110,ATLANTIC BANCGROUP INC
89821,BNCN,05566T10,B N C BANCORP
89825,STBK,85915B10,STERLING BANKS INC
89826,TCBI,88224Q10,TEXAS CAPITAL BANCSHARES INC
89828,UVSP,91527110,UNIVEST CORP OF PENNSYLVANIA
89828,UVSP,91527110,UNIVEST FINANCIAL CORP
89832,FCFL,31985E20,FIRST COMMUNITY BANK CORP AMER
89873,RPFG,75087U10,RAINIER PACIFIC FINL GROUP INC
89938,OLBK,67984M10,OLD LINE BANCSHARES
90006,BKOR,67176810,OAK RIDGE FINANCIAL SERVICES INC
90007,CHEV,16677X10,CHEVIOT FINANCIAL CORP
90080,CSBK,18687310,CLIFTON SAVINGS BANCORP INC
90080,CSBK,18687310,CLIFTON BANCORP INC
90082,CVCY,20393710,CENTRAL VALLEY COMM BANCORP
90082,CWBC,20393710,COMMUNITY WEST BANCSHARES NEW
90085,KFED,82886710,K FED BANCORP
90085,KFFG,82886710,KAISER FEDERAL FINL GROUP INC
90085,SMPL,82886710,SIMPLICITY BANCORP INC
90086,MBVT,58844810,MERCHANTS BANCSHARES INC
90090,SBNY,82669G10,SIGNATURE BANK NEW YORK N Y
90136,SMTB,83244910,SMITHTOWN BANCORP INC
90221,BOCH,06424J10,BANK OF COMMERCE HOLDINGS
90274,ANCX,00433710,ACCESS NATIONAL CORP
90295,XBKS,98410X10,XENITH BANKSHARES INC
90317,TAMB,87485H10,TAMALPAIS BANCORP
90318,EUBK,29871610,EUROBANCSHARES INC
90331,SOCB,84129R10,SOUTHCOAST FINANCIAL CORP
90358,SFST,84287310,SOUTHERN FIRST BANCSHARES INC
90359,HEOP,42724R10,HERITAGE OAKS BANCORP
90399,ACFC,04842610,ATLANTIC COAST FED CORP
90399,ACFC,04842610,ATLANTIC COAST FINANCIAL CORP
90416,NVSL,63906P10,NAUGATUCK VLY FINANCIAL CORP
90416,NVSL,63906P10,NAUGATUCK VLY FINANCIAL CORP MD
90421,SIFI,78425V10,S I FINANCIAL GROUP INC
90421,SIFI,78425V10,S I FINANCIAL GROUP INC MD
90467,ABBC,00350L10,ABINGTON BANCORP INC PA
90470,ATLO,03100110,AMES NATL CORP
90471,BCAR,06425J10,BANK OF THE CAROLINAS CORP
90482,HOME,43710G10,HOME FEDERAL BANCORP INC MD
90487,OSHC,67501R10,OCEAN SHORE HOLDING CO NEW
90490,TBBK,05969A10,BANCORP INC
90534,CZNC,17292210,CITIZENS & NORTHERN CORP
90544,SMMF,86606G10,SUMMIT FINANCIAL GROUP INC
90561,NASB,62896810,N A S B FINANCIAL INC
90588,CSHB,20404610,COMMUNITY SHORES BANK CORP
90590,EBTC,29366810,ENTERPRISE BANCORP INC
90591,EFSC,29371210,ENTERPRISE FINANCIAL SVCS CORP
90603,PFBC,74036740,PREFERRED BANK LOS ANGELES
90634,BOFI,05465C10,B OF I HOLDING INC
90634,BOFI,05465C10,AXOS FINANCIAL INC
90634,AX,05465C10,AXOS FINANCIAL INC
90635,CMFB,20084510,COMMERCEFIRST BANCORP INC
90636,KFFB,49129210,KENTUCKY FIRST FEDERAL BANCORP
90637,PBIP,74431A10,PRUDENTIAL BANCORP INC PA
90637,PBIP,74431A10,PRUDENTIAL BANCORP INC NEW
90662,BFSB,11403910,BROOKLYN FEDERAL BANCORP INC
90665,FFCO,31429C10,FEDFIRST FINANCIAL CORP
90665,FFCO,31429C10,FEDFIRST FINANCIAL CORP NEW
90666,FFNM,32021X10,FIRST FED NORTHN MI BANCORP INC
90710,PLBC,72927310,PLUMAS BANCORP
90711,RCKB,91030410,ROCKVILLE FINANCIAL INC
90711,RCKB,91030410,ROCKVILLE FINANCIAL INC NEW
90711,UBNK,91030410,UNITED FINANCIAL BANCORP INC NEW
90718,BFIN,06643P10,BANKFINACIAL CORP
90719,BFNB,07333410,BEACH FIRST NATL BANCSHARES INC
90722,COBK,19566B10,COLONIAL BANKSHARES INC
90722,COBK,19566B10,COLONIAL FINANCIAL SERVICES INC
90730,HBOS,42726X10,HERITAGE FINANCIAL GROUP
90730,HBOS,42726X10,HERITAGE FINANCIAL GROUP INC
90811,FPBI,30254M10,F P B BANCORP INC
90818,PSBC,69486410,PACIFIC STATE BANCORP
90824,UBNK,91030T10,UNITED FINANCIAL BANCORP INC MD
90862,FSGI,33631220,FIRST SECURITY GROUP INC
90948,GBNK,40075T60,GUARANTY BANCORP
90949,FBIZ,31939010,FIRST BUSINESS FINL SVCS INC
90952,ISBC,46146L10,INVESTORS BANCORP INC
90952,ISBC,46146L10,INVESTORS BANCORP INC NEW
90953,LEGC,52463G10,LEGACY BANCORP INC
90961,WSBF,94188P10,WATERSTONE FINANCIAL INC
90961,WSBF,94188P10,WATERSTONE FINANCIAL INC NEW
90964,BOVA,21851310,BANK OF VIRGINIA
90964,BVA,21851310,CORDIA BANCORP INC
90970,FNSC,32111B10,FIRST NATIONAL BANCSHARES INC SC
90983,PEBK,71057710,PEOPLES BANCORP NC INC NEW
91015,BCBP,05529810,B C B BANCORP INC
91025,NEBS,64386320,NEW ENGLAND BANCSHARES INC
91077,CTBC,20754610,CONNECTICUT BANK & TRUST CO
91083,MGYR,55977T20,MAGYAR BANCORP INC
91167,UCBA,90984R10,UNITED COMMUNITY BANCORP IN
91167,UCBA,90984R10,UNITED COMMUNITY BANCORP NEW
91171,CPBC,90207C10,COMMUNITY PARTNERS BANCORP
91171,TRBC,90207C10,TWO RIVER BANCORP
91171,TRCB,90207C10,TWO RIVER BANCORP
91176,LSBK,51070010,LAKE SHORE BANCORP INC
91187,VYFC,91962910,VALLEY FINANCIAL CORP VA
91266,BAYN,07250010,BAY NATIONAL CORP
91274,FBMS,31891610,FIRST BANCSHARES INC MS
91356,HOMB,43689320,HOME BANCSHARES INC
91360,NCBC,81617L10,NEW CENTURY BANCORP INC NC
91360,SLCT,81617L10,SELECT BANCORP INC
91369,TNCC,88043P10,TENNESSEE COMMERCE BANCORP INC
91397,CBNK,16856510,CHICOPEE BANCORP INC
91400,FCLF,31969M10,FIRST CLOVER LEAF FINANCIAL CORP
91404,LBCP,53017Q10,LIBERTY BANCORP INC MO
91405,NECB,66411210,NORTHEAST COMMUNITY BANCORP INC
91406,NFSB,65175410,NEWPORT BANCORP INC
91407,ROMA,77581P10,ROMA FINANCIAL CORP
91408,SSBI,86626420,SUMMIT STATE BANK
91431,HMPR,98410220,HAMPTON ROADS BANKSHARES INC
91431,XBKS,98410220,XENITH BANKSHARES INC NEW
91472,PBIB,53262L10,PORTER BANCORP INC
91472,LMST,53262L10,LIMESTONE BANCORP INC
91501,FXCB,35137T10,FOX CHASE BANCORP INC
91501,FXCBD,35137T10,FOX CHASE BANCORP INC
91508,TDBK,88637410,TIDELANDS BANCSHARES INC
91514,VPFG,52471Y10,VIEWPOINT FINANCIAL GROUP
91514,VPFG,52471Y10,VIEWPOINT FINANCIAL GROUP INC
91514,LTXB,52471Y10,LEGACYTEXAS FINANCIAL GROUP INC
91608,CZFC,17462Q10,CITIZENS FIRST CORP
91609,CZWI,17490310,CITIZENS CMNTY BANCORP INC MD
91622,SONA,74167B10,SOUTHERN NATIONAL BANCORP VA INC
91622,FRST,74167B10,PRIMIS FINANCIAL CORP
91731,ALLB,01890A10,ALLIANCE BANCORP INC PA
91731,ALLB,01890A10,ALLIANCE BANCORP INC PA NEW
91736,HBNK,40867E10,HAMPDEN BANCORP INC
91743,ORIT,68633D10,ORITANI FINANCIAL CORP
91743,ORIT,68633D10,ORITANI FINANCIAL CORP NEW
91744,OSBK,68764U10,OSAGE BANCSHARES INC
91855,SFNC,82873020,SIMMONS 1ST NATIONAL CORP
91897,FCAL,31939510,FIRST CALIFORNIA FINL GROUP INC
91908,SSFN,86032610,STEWARDSHIP FINANCIAL CORP
91911,VSBN,91792710,V S B BANCORP INC NY
91955,ASFN,04887710,ATLANTIC SOUTHERN FINL GROUP INC
91956,CMSB,12600U10,C M S BANCORP INC
91959,ESSA,29667D10,E S S A BANCORP INC
91968,TFSL,87240R10,TFS FINANCIAL CORP
92094,FCVA,31943810,FIRST CAPITAL BANCORP INC VA
92195,BNCL,08171T10,BENEFICIAL MUTUAL BANCORP INC
92195,BNCL,08171T10,BENEFICIAL BANCORP INC
92198,EBTX,29255V20,ENCORE BANCSHRES INC
92201,LABC,54619P10,LOUISIANA BANCORP INC
92299,BFED,07358210,BEACON FEDERAL BANCORP INC
92303,FFNW,32022K10,FIRST FINANCIAL NORTHWEST INC
92308,LPSB,51665110,LAPORTE BANCORP INC
92308,LPSB,51665110,LAPORTE BANCORP INC MD
92312,RODM,25456U10,RODMAN & RENSHAW CAP GRP INC NEW
92312,MKTS,25456U10,DIRECT MARKETS HOLDINGS CORP
92318,TOWN,89214P10,TOWNEBANK
92434,FABK,31848L10,FIRST ADVANTAGE BANCORP
92443,NFBK,66611T10,NORTHFIELD BANCORP INC
92443,NFBK,66611T10,NORTHFIELD BANCORP INC DE
92461,GFLB,39052810,GREAT FLORIDA BANK
92522,DNBK,23644210,DANVERS BANCORP INC
92523,EBSB,58958U10,MERIDIAN INTERSTATE BANCORP INC
92523,EBSB,58958U10,MERIDIAN BANCORP INC
92525,FPBN,33589410,1ST PACIFIC BANCORP CA
92555,CBNJ,13920910,CAPE BANCORP INC
92593,MOFG,59851110,MIDWESTONE FINANCIAL GRP INC NEW
92685,MLVF,56140910,MALVERN FEDERAL BANCORP INC
92685,MLVF,56140910,MALVERN FEDERAL BANCORP INC NEW
92685,MLVF,56140910,MALVERN BANCORP INC
92716,BDGE,25432X10,BRIDGE BANCORP INC
92716,DCOM,25432X10,DIME COMMUNITY BANCSHRS INC NEW
92807,ASRV,03074A10,AMERISERV FINANCIAL INC
92809,FSFG,33621E10,FIRST SAVINGS FINANCIAL GRP INC
92810,HBCP,43689E10,HOME BANCORP INC
92851,BKYF,06289610,BANK OF KENTUCKY FINANCIAL CORP
92870,FCTY,31943X10,1ST CENTURY BANKSHARES INC
92873,DNBF,23323710,D N B FINANCIAL CORP
92878,OVLY,67180710,OAK VALLEY BANCORP
92919,ORRF,68738010,ORRSTOWN FINANCIAL SERVICES INC
92920,TOBC,89170910,TOWER BANCORP INC
92987,TBNK,88145X10,TERRITORIAL BANCORP INC
93040,FUBC,33740N10,1ST UNITED BANCORP INC
93043,HUVL,44417210,HUDSON VALLEY HOLDING CORP
93043,HVB,44417210,HUDSON VALLEY HOLDING CORP
93081,FCEC,31947W10,FIRST CHESTER COUNTY CORP
93131,EMCF,29082810,EMCLAIRE FINANCIAL CORP
